Timestamp,ProductID,DefectType,QuantityDefective,ProductionLine
0.0,P0002,Packaging Defect,1,Line2
1.9422948658214954,P0001,Manufacturing Defect,9,Line1
4.4971414934641665,P0001,Packaging Defect,5,Line2
6.468903862090807,P0005,Packaging Defect,10,Line2
8.204428134151822,P0005,Quality Defect,2,Line2
11.099892128220194,P0003,Manufacturing Defect,8,Line1
12.099989847335781,P0004,Quality Defect,6,Line2
13.28107950304001,P0001,Manufacturing Defect,5,Line1
15.253488621781074,P0002,Manufacturing Defect,10,Line1
16.516812123372297,P0001,Packaging Defect,10,Line2
17.873632587722,P0001,Manufacturing Defect,7,Line1
20.806546956316303,P0005,Manufacturing Defect,1,Line2
22.987422515861166,P0003,Packaging Defect,10,Line1
24.900475436214034,P0004,Packaging Defect,9,Line2
27.48108190515022,P0001,Manufacturing Defect,4,Line1
29.423090687880585,P0004,Packaging Defect,10,Line1
31.30550036409881,P0002,Manufacturing Defect,6,Line1
34.260093044316406,P0005,Quality Defect,9,Line1
35.54831174219029,P0002,Quality Defect,6,Line2
38.11202981524009,P0001,Quality Defect,8,Line2
39.282201111983994,P0004,Quality Defect,3,Line2
42.229141841938535,P0003,Manufacturing Defect,10,Line1
43.50772876282054,P0004,Manufacturing Defect,6,Line1
46.28669377309724,P0001,Quality Defect,1,Line1
48.641325468337705,P0001,Packaging Defect,4,Line1
51.206987823782995,P0003,Quality Defect,6,Line2
54.093777885066395,P0005,Manufacturing Defect,1,Line2
56.99463650119427,P0003,Packaging Defect,5,Line1
58.978106682651806,P0003,Quality Defect,6,Line2
61.15602477319298,P0004,Quality Defect,7,Line2
63.55955354111375,P0005,Manufacturing Defect,9,Line2
65.37540938600628,P0004,Quality Defect,2,Line1
68.26826075142836,P0001,Quality Defect,2,Line2
70.312583832275,P0004,Quality Defect,10,Line1
72.0112302490499,P0001,Manufacturing Defect,8,Line1
73.5060851709049,P0002,Quality Defect,7,Line1
76.32398640639916,P0003,Manufacturing Defect,2,Line2
78.88860720834604,P0005,Manufacturing Defect,1,Line2
79.95136346471487,P0004,Packaging Defect,2,Line2
82.53271136135686,P0002,Quality Defect,10,Line1
84.95675214779514,P0004,Quality Defect,7,Line1
87.31272677414678,P0004,Manufacturing Defect,5,Line2
88.66398494294899,P0005,Manufacturing Defect,5,Line2
90.16734151732967,P0002,Quality Defect,7,Line2
92.99937401361024,P0003,Quality Defect,3,Line2
95.4412900585628,P0004,Packaging Defect,5,Line2
97.53505751919108,P0005,Manufacturing Defect,7,Line2
99.26033828316311,P0001,Manufacturing Defect,8,Line1
102.08799750233231,P0004,Packaging Defect,10,Line1
103.6884269085324,P0003,Manufacturing Defect,6,Line2
105.21626421433913,P0003,Quality Defect,2,Line1
106.3842175299033,P0001,Quality Defect,5,Line2
109.023517521087,P0005,Manufacturing Defect,1,Line1
111.45489775290315,P0005,Manufacturing Defect,3,Line2
114.25511732657621,P0002,Packaging Defect,3,Line2
115.28851002240923,P0002,Quality Defect,3,Line1
117.20770996965442,P0005,Packaging Defect,1,Line2
118.65754797034158,P0002,Packaging Defect,6,Line2
120.09403569027089,P0005,Packaging Defect,8,Line2
122.63275318964122,P0002,Manufacturing Defect,10,Line2
124.05196360594464,P0003,Quality Defect,9,Line2
126.93309071843598,P0005,Manufacturing Defect,5,Line1
128.01809393106572,P0005,Manufacturing Defect,5,Line2
129.66509929809573,P0001,Quality Defect,7,Line1
131.67360354350103,P0003,Packaging Defect,3,Line2
132.96056361623687,P0003,Quality Defect,2,Line1
134.18905893972138,P0002,Manufacturing Defect,8,Line2
135.9692610117845,P0005,Quality Defect,7,Line2
137.88856513108308,P0001,Packaging Defect,1,Line2
139.0278420148543,P0001,Packaging Defect,9,Line1
140.83578123961638,P0003,Quality Defect,3,Line1
142.6626804752166,P0004,Manufacturing Defect,3,Line2
145.04326488239573,P0005,Packaging Defect,4,Line1
147.96537727770166,P0002,Packaging Defect,6,Line1
148.98229318786255,P0002,Packaging Defect,5,Line2
150.70481102048822,P0004,Packaging Defect,9,Line2
153.65048025993352,P0004,Quality Defect,3,Line2
155.30613267515994,P0005,Manufacturing Defect,6,Line1
158.2032684160631,P0003,Manufacturing Defect,10,Line2
160.5603657936578,P0001,Manufacturing Defect,6,Line1
162.54155174476375,P0004,Manufacturing Defect,8,Line2
165.51661749369055,P0005,Quality Defect,2,Line1
168.0551590682459,P0001,Quality Defect,2,Line2
170.75884246302638,P0005,Packaging Defect,10,Line2
171.99653580314973,P0002,Quality Defect,8,Line1
174.88731798351537,P0005,Packaging Defect,6,Line1
176.22139562065422,P0005,Manufacturing Defect,3,Line1
178.78485156342413,P0001,Packaging Defect,3,Line2
180.65720389496545,P0002,Manufacturing Defect,4,Line1
183.24224328712708,P0003,Manufacturing Defect,6,Line1
184.85854318013716,P0003,Quality Defect,4,Line1
185.8931441398667,P0002,Quality Defect,10,Line1
188.82939649708044,P0001,Quality Defect,5,Line2
191.6699346430267,P0001,Manufacturing Defect,3,Line2
193.12126468814384,P0002,Quality Defect,5,Line2
195.64688932474536,P0002,Quality Defect,4,Line2
197.82866580257118,P0001,Quality Defect,9,Line2
199.30822819584225,P0002,Packaging Defect,1,Line2
201.56827867604227,P0003,Packaging Defect,4,Line2
203.97492929720008,P0002,Packaging Defect,3,Line2
206.6752781465621,P0003,Quality Defect,10,Line2
209.63974405787457,P0004,Packaging Defect,2,Line2
210.684617578207,P0001,Manufacturing Defect,4,Line2
213.3847918999274,P0005,Manufacturing Defect,5,Line1
215.7507889670357,P0002,Quality Defect,10,Line2
217.57243359955476,P0005,Quality Defect,8,Line2
218.75630143907452,P0005,Packaging Defect,7,Line2
221.27089698003417,P0002,Quality Defect,2,Line1
222.88177709746535,P0001,Quality Defect,9,Line2
225.53586734449325,P0004,Manufacturing Defect,7,Line1
228.03448869683638,P0005,Quality Defect,7,Line1
230.43074842977336,P0002,Manufacturing Defect,4,Line2
232.71634659458087,P0001,Manufacturing Defect,9,Line2
235.32873042524778,P0001,Manufacturing Defect,2,Line2
237.03713704515127,P0004,Packaging Defect,9,Line1
238.31384765474456,P0004,Packaging Defect,4,Line1
240.52647850895943,P0003,Packaging Defect,4,Line2
243.42143770263226,P0004,Quality Defect,7,Line1
245.2098561053983,P0001,Quality Defect,8,Line2
247.1857205033312,P0001,Quality Defect,2,Line1
249.8557811872055,P0001,Manufacturing Defect,9,Line2
251.87028463373505,P0003,Packaging Defect,6,Line1
254.74656741053238,P0003,Quality Defect,5,Line1
257.0218905361461,P0001,Packaging Defect,7,Line1
259.48967592638684,P0003,Quality Defect,1,Line1
262.1642385673777,P0004,Manufacturing Defect,9,Line1
264.48838893275297,P0004,Quality Defect,8,Line2
266.24740402509593,P0002,Manufacturing Defect,4,Line2
268.30466586368243,P0003,Packaging Defect,8,Line1
269.83036443476647,P0005,Packaging Defect,4,Line2
271.81066948382175,P0004,Quality Defect,8,Line1
274.76608936600206,P0004,Manufacturing Defect,10,Line2
277.4194970337239,P0001,Quality Defect,1,Line2
280.19476382650384,P0003,Quality Defect,9,Line2
282.88826117058505,P0004,Manufacturing Defect,6,Line1
285.1280719470509,P0004,Manufacturing Defect,8,Line2
287.9556434210509,P0003,Quality Defect,1,Line1
288.96344097119646,P0002,Quality Defect,9,Line2
290.0172660253538,P0005,Quality Defect,6,Line2
291.12193500088495,P0005,Manufacturing Defect,9,Line1
292.9916222590085,P0004,Packaging Defect,4,Line1
295.0121669022955,P0003,Manufacturing Defect,4,Line2
296.5804536272407,P0005,Packaging Defect,6,Line2
298.4439478035347,P0004,Packaging Defect,10,Line2
299.7309041813997,P0001,Packaging Defect,4,Line1
301.9486971584381,P0001,Quality Defect,4,Line1
304.30578713550733,P0003,Packaging Defect,8,Line1
307.0127142177871,P0002,Packaging Defect,8,Line2
308.6300198941996,P0004,Packaging Defect,8,Line1
311.0284567293934,P0004,Manufacturing Defect,1,Line2
313.7153666536169,P0003,Manufacturing Defect,4,Line2
316.2611185874836,P0005,Quality Defect,4,Line1
318.5426638787646,P0001,Manufacturing Defect,4,Line2
321.06071386348356,P0005,Packaging Defect,4,Line1
323.74632659941705,P0002,Manufacturing Defect,4,Line1
325.69646553224476,P0002,Quality Defect,6,Line2
327.84086767847134,P0001,Packaging Defect,1,Line1
329.51569272750925,P0005,Quality Defect,9,Line2
330.80807867095353,P0004,Packaging Defect,7,Line2
333.24824598821334,P0005,Quality Defect,5,Line1
335.41838473767785,P0005,Manufacturing Defect,2,Line2
336.46164593566516,P0001,Manufacturing Defect,2,Line2
338.1354903102027,P0004,Packaging Defect,2,Line2
339.4413560962313,P0005,Packaging Defect,10,Line1
341.1253735208588,P0005,Manufacturing Defect,8,Line1
343.63540041978774,P0004,Packaging Defect,9,Line2
344.7169734016693,P0001,Manufacturing Defect,4,Line1
347.49821338875387,P0002,Packaging Defect,3,Line1
348.81904261328555,P0002,Quality Defect,8,Line2
350.3701200163353,P0003,Quality Defect,8,Line1
352.5135580423031,P0005,Quality Defect,9,Line1
353.5620732965115,P0002,Manufacturing Defect,1,Line1
354.8089333909899,P0005,Manufacturing Defect,10,Line2
357.42717307530796,P0003,Manufacturing Defect,1,Line1
358.61258054209355,P0005,Packaging Defect,9,Line2
360.4627419505378,P0001,Quality Defect,5,Line2
362.3978073396096,P0001,Quality Defect,4,Line2
364.06861062303193,P0005,Manufacturing Defect,4,Line2
