Timestamp,CustomerID,ProductID,QuantitySold,SalesChannel,Discount,PaymentMethod,Region
0.0,C0033,P0003,38,Online,0.04435407516749144,Credit Card,South
1.3456265908736296,C0086,P0001,33,Retail Store,0.21265671834572383,Cash,East
2.8036011020361853,C0084,P0001,28,Online,0.05128419435603634,Cash,South
4.06502646658776,C0057,P0005,23,Online,0.17030898493648905,Credit Card,East
5.683325529088769,C0057,P0005,42,Retail Store,0.00210267951791665,Cash,South
7.4752239773491524,C0080,P0001,21,Online,0.06839064624862834,Online Payment,South
9.173769308789678,C0024,P0001,39,Online,0.1822057860236154,Cash,North
11.091199658070568,C0099,P0001,45,Online,0.06278863134432724,Cash,North
12.176448635313982,C0068,P0002,6,Retail Store,0.0846299081434168,Online Payment,East
13.4898003520373,C0089,P0005,33,Online,0.29597256160652397,Online Payment,South
14.460220436632373,C0001,P0004,43,Online,0.0888200503807998,Credit Card,North
15.816894473889063,C0038,P0002,24,Online,0.03800125995698572,Online Payment,South
17.812725702081046,C0055,P0001,6,Online,0.057193199564297866,Online Payment,North
18.6161307007143,C0008,P0004,37,Retail Store,0.2899179055252144,Cash,North
19.884253373714763,C0100,P0002,21,Online,0.2628139509858257,Online Payment,North
20.81624533193464,C0006,P0002,24,Retail Store,0.24754482180855036,Cash,North
21.605203059676306,C0089,P0002,45,Retail Store,0.058302739221059614,Credit Card,West
23.275343526725845,C0081,P0001,36,Online,0.2208245463127016,Credit Card,East
23.924329438708646,C0097,P0001,7,Online,0.10246552786671671,Online Payment,South
25.912371362405583,C0003,P0003,19,Retail Store,0.08325453184503119,Online Payment,South
26.858506470117717,C0034,P0004,28,Online,0.057565531985947715,Credit Card,West
27.908689378645445,C0003,P0001,11,Retail Store,0.13755188774153365,Credit Card,West
28.446655394785786,C0015,P0005,7,Retail Store,0.11099770832243525,Cash,West
30.085729679401393,C0064,P0002,37,Retail Store,0.19302713879771935,Cash,West
31.15721346216546,C0081,P0001,41,Online,0.20035846354796294,Credit Card,South
32.43026973966433,C0055,P0004,22,Retail Store,0.19569789324739104,Cash,East
33.49813253642655,C0025,P0003,36,Retail Store,0.2022942259623605,Credit Card,North
34.10524657447308,C0016,P0002,12,Online,0.18084503651138084,Online Payment,South
35.413546909809,C0099,P0002,32,Retail Store,0.17607651386529252,Online Payment,East
37.252851600917815,C0041,P0003,4,Retail Store,0.26398619612404817,Credit Card,East
39.16192587948537,C0058,P0005,27,Retail Store,0.18840640720212964,Cash,North
40.35668895782791,C0018,P0002,5,Online,0.18512224060963192,Credit Card,South
41.71216679628176,C0022,P0002,18,Retail Store,0.10153285705892248,Online Payment,North
43.44945577821122,C0086,P0004,39,Retail Store,0.2100917470390459,Cash,North
44.389307582305214,C0046,P0005,46,Online,0.10281191055980139,Cash,North
46.153783431976606,C0100,P0003,32,Retail Store,0.09200719880411744,Online Payment,West
47.538675148836894,C0010,P0005,30,Retail Store,0.06759523191441681,Cash,North
49.502845575785365,C0099,P0002,11,Retail Store,0.022367967277565324,Credit Card,West
50.09037863936748,C0029,P0004,50,Online,0.147047892277215,Credit Card,North
51.63733327156861,C0043,P0001,4,Online,0.04268521441725508,Cash,South
52.65405949021162,C0008,P0005,3,Retail Store,0.15153502814541095,Online Payment,South
53.70458231794201,C0008,P0003,31,Retail Store,0.27421243440332277,Online Payment,East
54.78671666817061,C0085,P0002,49,Online,0.1863364496735213,Online Payment,East
55.52654908506985,C0028,P0001,46,Retail Store,0.2001546312306035,Credit Card,North
56.113761907688584,C0095,P0005,49,Retail Store,0.18578591665167551,Cash,South
57.14809548875379,C0081,P0002,12,Retail Store,0.11038541799096727,Online Payment,South
59.08281029420875,C0071,P0001,4,Online,0.014133176777225885,Credit Card,North
60.853501888876195,C0042,P0004,48,Online,0.032105355640097866,Cash,East
61.72610615943877,C0094,P0003,23,Online,0.17787880540289908,Credit Card,South
62.97105492272714,C0067,P0003,43,Online,0.025562247620684653,Credit Card,North
64.05120763104519,C0007,P0005,42,Online,0.18920281394407482,Online Payment,South
65.32478739275572,C0097,P0004,47,Online,0.27877253129045076,Online Payment,West
66.4104477060919,C0005,P0003,46,Online,0.049355915408413165,Credit Card,North
67.99003959130945,C0019,P0001,27,Retail Store,0.27582863903839905,Online Payment,East
69.69863607717649,C0016,P0005,47,Online,0.2500775848983896,Cash,West
70.25566944831225,C0027,P0001,32,Online,0.15637037759543546,Cash,South
71.41916820828993,C0062,P0005,29,Retail Store,0.28823913578561733,Credit Card,East
72.21958990498696,C0076,P0001,40,Retail Store,0.05258293433477553,Online Payment,South
73.49874064280229,C0066,P0003,2,Online,0.23956807402415994,Online Payment,South
75.40456255473785,C0019,P0003,41,Retail Store,0.2909855641128693,Cash,North
76.1005670287341,C0048,P0004,34,Retail Store,0.2423722290894595,Online Payment,North
77.18443631606861,C0022,P0004,38,Online,0.25968740762600684,Credit Card,West
78.1369598692895,C0028,P0003,25,Retail Store,0.26226980463363914,Credit Card,East
78.6887218456264,C0072,P0003,5,Retail Store,0.00796968713169156,Credit Card,West
79.65447164605877,C0094,P0001,3,Online,0.14774950899783384,Credit Card,East
81.5152230105418,C0001,P0002,13,Online,0.29385899099507445,Credit Card,West
82.84133220593102,C0028,P0003,6,Online,0.07897974509004714,Cash,North
83.4824387167801,C0078,P0004,41,Online,0.04441706084193384,Cash,East
85.41700222812182,C0067,P0004,43,Online,0.09711060721300947,Credit Card,North
86.13697620379955,C0078,P0001,45,Retail Store,0.05305591812397483,Credit Card,South
87.23479122006276,C0067,P0005,34,Online,0.11497857181642596,Cash,North
88.10928526894354,C0017,P0004,38,Online,0.29756654563554946,Credit Card,North
89.11873563840092,C0002,P0005,43,Retail Store,0.14656214229349723,Cash,East
89.681226577906,C0085,P0003,23,Online,0.14178775061474116,Credit Card,West
90.60957074057976,C0037,P0005,39,Online,0.01643355347617783,Online Payment,North
92.30450213487568,C0084,P0003,21,Online,0.2560519868839426,Online Payment,North
93.07146438280725,C0027,P0003,46,Retail Store,0.13644485140260368,Online Payment,West
94.43732561844716,C0024,P0004,13,Online,0.2656611954319728,Online Payment,West
95.31454512275474,C0070,P0004,28,Retail Store,0.26819698394901925,Credit Card,West
96.65146989666974,C0042,P0005,27,Retail Store,0.23110411440186152,Credit Card,East
97.9608511929458,C0024,P0001,8,Retail Store,0.04395694946384667,Credit Card,South
99.72830226922032,C0022,P0003,17,Retail Store,0.08544065942217315,Online Payment,South
101.52755925156097,C0060,P0005,27,Retail Store,0.25432040846068765,Cash,East
102.73770017874125,C0049,P0003,4,Online,0.16956744535675206,Cash,West
103.99161655313874,C0083,P0001,42,Retail Store,0.062417840717948286,Credit Card,South
104.54351128722922,C0076,P0002,25,Online,0.28464657926646286,Credit Card,West
105.30438786596238,C0090,P0004,4,Online,0.27371394330593585,Credit Card,East
106.4511873593729,C0015,P0002,19,Online,0.06909553802842003,Cash,South
108.29868659085943,C0010,P0003,32,Online,0.1471704863827291,Credit Card,East
109.12829384850578,C0035,P0004,16,Online,0.03858826496629177,Cash,East
110.62714942662342,C0039,P0005,50,Retail Store,0.2340187429264612,Cash,South
111.23238059792415,C0003,P0004,43,Online,0.12308339666015024,Online Payment,East
112.03497932820848,C0012,P0004,6,Online,0.021155512646760143,Cash,North
113.19837599450287,C0040,P0004,40,Online,0.29536569058155093,Cash,North
114.81099178820074,C0097,P0001,28,Online,0.2287660976349805,Online Payment,West
115.92718530666967,C0054,P0002,27,Online,0.06655392905953232,Cash,South
117.16684547540451,C0023,P0004,41,Online,0.18221324722298451,Credit Card,East
117.80102056916027,C0056,P0001,12,Retail Store,0.1678253650312196,Credit Card,East
119.16757085411233,C0001,P0004,36,Retail Store,0.1106931764666124,Cash,North
119.96331221742105,C0092,P0002,18,Online,0.15858713397966853,Cash,West
121.37587904925604,C0094,P0005,33,Retail Store,0.14663767375530962,Credit Card,East
122.06317209672913,C0015,P0003,31,Retail Store,0.281577971190333,Cash,South
122.66286502424707,C0044,P0001,45,Retail Store,0.2582587074842072,Credit Card,North
124.19447059290658,C0012,P0002,35,Retail Store,0.13122913991994278,Online Payment,North
125.60810307270935,C0023,P0001,5,Online,0.2448678361035552,Credit Card,South
126.73890299148255,C0034,P0003,11,Retail Store,0.13960961132944444,Online Payment,East
128.1946074250524,C0063,P0004,11,Online,0.025223813807573634,Online Payment,North
129.6801960257443,C0086,P0003,12,Online,0.2900665449034501,Credit Card,West
131.3976736342968,C0012,P0003,11,Retail Store,0.14562637804458325,Online Payment,North
133.01706017019944,C0081,P0001,11,Retail Store,0.24762284050656766,Online Payment,East
134.7055157912761,C0026,P0005,21,Retail Store,0.15092831538635598,Cash,North
136.30693767492178,C0080,P0002,28,Online,0.21145170186376128,Online Payment,North
136.9317115536768,C0078,P0001,16,Online,0.12940080191760114,Online Payment,West
138.33257891914434,C0088,P0005,40,Retail Store,0.04472182324961409,Online Payment,North
140.2992791712824,C0084,P0005,19,Retail Store,0.2484457727218749,Cash,South
141.04269737730857,C0021,P0005,17,Online,0.20516975371931934,Cash,North
142.3481457453683,C0049,P0003,2,Online,0.04591807227979564,Credit Card,South
144.20534606661982,C0027,P0002,37,Online,0.26154340312211954,Cash,East
144.74663370817058,C0083,P0005,31,Retail Store,0.19918017844110802,Online Payment,North
146.2424204316392,C0080,P0005,10,Retail Store,0.05104699230890642,Credit Card,North
148.06776775014018,C0039,P0004,5,Online,0.19942195578492983,Online Payment,West
149.51929210700004,C0078,P0003,23,Retail Store,0.19116233072316466,Online Payment,East
150.5483436193261,C0041,P0002,36,Retail Store,0.19453256486917433,Cash,South
151.24791248002464,C0004,P0003,33,Online,0.1396361813964769,Cash,West
152.71139830279085,C0013,P0005,4,Retail Store,0.2154715924851387,Cash,East
153.2810680809067,C0086,P0005,39,Online,0.29056335760125623,Cash,East
154.65543647299572,C0027,P0003,12,Online,0.2953791912964382,Cash,North
155.51879603003223,C0059,P0003,18,Retail Store,0.20049842086054784,Cash,East
157.17435550110918,C0013,P0001,30,Online,0.11981798611608192,Cash,North
157.90162332602404,C0044,P0002,11,Online,0.07006991119422641,Online Payment,South
159.81537954058436,C0090,P0005,19,Online,0.29877810400104254,Online Payment,West
160.66473696062263,C0047,P0005,4,Online,0.12187442232354768,Cash,South
161.7868989524719,C0048,P0005,30,Retail Store,0.2901181880342449,Credit Card,North
162.82970366505305,C0004,P0003,40,Retail Store,0.03295282797557248,Cash,North
163.91410547149457,C0038,P0004,6,Retail Store,0.1738113113985765,Credit Card,South
165.4424036789692,C0005,P0004,23,Online,0.2959549836894949,Credit Card,West
167.26030302500075,C0014,P0004,39,Retail Store,0.2934898846183949,Online Payment,North
168.5667953109597,C0054,P0005,38,Online,0.05861837944068636,Online Payment,North
170.12647741706294,C0068,P0004,26,Retail Store,0.2820646213456987,Online Payment,East
170.68614652022077,C0079,P0005,5,Retail Store,0.0786898626846373,Cash,South
172.6125773913635,C0083,P0004,23,Retail Store,0.030627203887550445,Online Payment,North
173.47656004664992,C0056,P0002,4,Online,0.2642504710610225,Credit Card,South
174.92515954611406,C0045,P0004,40,Online,0.23271832685983143,Cash,West
176.74824474804387,C0043,P0002,3,Online,0.24230346968780525,Credit Card,North
178.69703311123635,C0065,P0003,50,Retail Store,0.24130602691105774,Credit Card,North
179.7442351213221,C0008,P0001,32,Online,0.0842583509967485,Cash,East
181.1196251385668,C0035,P0003,41,Retail Store,0.15254744400265693,Online Payment,West
182.59438334146716,C0039,P0005,31,Online,0.05309506483795049,Credit Card,East
184.30070075882864,C0053,P0004,1,Online,0.20987395664293898,Online Payment,East
185.76720109969654,C0084,P0003,19,Retail Store,0.1886055148789285,Credit Card,North
187.01125474336885,C0066,P0002,11,Online,0.030289293153262252,Online Payment,West
187.9334457559286,C0086,P0001,14,Retail Store,0.25509151427894344,Cash,South
189.77198187118256,C0094,P0004,5,Retail Store,0.23923007302021473,Credit Card,North
191.42936249344842,C0032,P0002,11,Online,0.12085060152534464,Cash,North
192.45215477796984,C0042,P0001,50,Retail Store,0.16354742992785534,Credit Card,North
193.88812783816311,C0052,P0003,30,Online,0.1362516888153412,Online Payment,West
194.72846903193695,C0036,P0001,25,Online,0.1940828484648063,Credit Card,North
195.72166222311532,C0085,P0003,35,Online,0.2581990666151284,Cash,West
197.16138388018598,C0007,P0005,47,Retail Store,0.23095499774507425,Cash,West
198.3383714062211,C0010,P0002,31,Online,0.22996185038555844,Credit Card,West
199.0916868154566,C0059,P0005,10,Retail Store,0.013301230609812387,Credit Card,North
200.86916414172373,C0013,P0005,33,Online,0.06285629516459178,Cash,West
201.94625728370843,C0043,P0005,47,Retail Store,0.25252844297267457,Cash,West
203.5987722069847,C0021,P0001,38,Online,0.01717206755667264,Credit Card,North
204.67377064780513,C0074,P0003,8,Online,0.27091209573589786,Cash,South
205.32253482288678,C0088,P0005,7,Retail Store,0.2445840359101208,Online Payment,South
206.13375200601482,C0019,P0003,23,Retail Store,0.12720722592041606,Credit Card,East
206.84722688690505,C0040,P0003,36,Online,0.2659921578661755,Online Payment,North
208.5924060724629,C0050,P0004,13,Retail Store,0.027681347445138282,Cash,West
209.47070851247514,C0044,P0005,15,Online,0.291071482854571,Credit Card,North
211.27737580706182,C0031,P0003,24,Online,0.08479283753192651,Credit Card,East
212.75889596556408,C0076,P0004,16,Retail Store,0.10411389579916645,Credit Card,West
214.001492546778,C0076,P0001,14,Retail Store,0.14821223431067437,Credit Card,West
215.14456773444783,C0077,P0003,42,Retail Store,0.06725306134165,Cash,North
216.52364229383645,C0095,P0002,3,Retail Store,0.2753580594139871,Credit Card,West
217.5098791054897,C0030,P0005,47,Online,0.029163436400027984,Credit Card,West
218.7644629444677,C0042,P0002,1,Online,0.09537980267647674,Cash,South
219.6465122668006,C0001,P0003,11,Retail Store,0.04512150755872415,Credit Card,West
221.11251680072664,C0099,P0004,49,Online,0.23229572503467782,Cash,West
221.8310302448487,C0041,P0005,43,Retail Store,0.11901566688102191,Credit Card,West
223.74590371865824,C0033,P0002,50,Online,0.24351552493163744,Cash,East
224.29758740042354,C0052,P0004,34,Online,0.19558021040543128,Credit Card,West
225.43807930068837,C0029,P0002,16,Retail Store,0.17735588466547142,Credit Card,West
226.46755590452435,C0089,P0002,4,Retail Store,0.23915355497020802,Cash,West
227.57483532180126,C0069,P0004,44,Retail Store,0.14020256745670226,Online Payment,South
228.14909788071074,C0055,P0005,19,Retail Store,0.16775726608139724,Online Payment,West
228.85043345816015,C0001,P0002,22,Retail Store,0.002839617702346686,Credit Card,West
230.16081105627848,C0100,P0003,4,Retail Store,0.1858881677984202,Credit Card,North
232.03499414064947,C0070,P0001,46,Online,0.15975279512196403,Online Payment,West
233.33165961823232,C0089,P0003,30,Retail Store,0.2504906559839991,Online Payment,North
234.95641623626432,C0069,P0004,48,Retail Store,0.18776323708267242,Credit Card,East
235.95319068590527,C0035,P0001,35,Online,0.08816415685574133,Online Payment,North
237.58910057710906,C0047,P0002,24,Retail Store,0.16317502690502042,Cash,East
239.44847019596284,C0049,P0005,27,Online,0.25134064066441825,Cash,North
240.1554228415159,C0070,P0003,38,Retail Store,0.2254705478002382,Cash,East
241.523270913489,C0068,P0001,35,Retail Store,0.24893341897135685,Credit Card,East
242.25936115436073,C0071,P0002,44,Online,0.1174805477208336,Cash,West
243.65260635724303,C0089,P0004,41,Online,0.256890029660846,Cash,North
245.49625155396103,C0019,P0002,39,Retail Store,0.20073530820974803,Online Payment,West
246.16046057573402,C0096,P0005,37,Online,0.12487658129334217,Cash,West
247.81873593050943,C0064,P0005,42,Retail Store,0.0046391605702159056,Cash,East
249.57349935278197,C0065,P0002,5,Online,0.1625741507002058,Cash,West
251.38767828441223,C0005,P0002,25,Online,0.14039465545531007,Cash,East
252.86516756330974,C0076,P0001,21,Online,0.2736891987288266,Online Payment,West
253.67546960890937,C0009,P0004,28,Online,0.168107952273813,Cash,East
255.20706031906744,C0086,P0001,23,Retail Store,0.10133157147212496,Online Payment,South
256.4151617387242,C0068,P0005,4,Online,0.11965663093611596,Cash,West
257.1193411517453,C0005,P0002,33,Retail Store,0.2215421296208266,Credit Card,West
257.85451601970766,C0081,P0004,4,Online,0.023636164882144473,Cash,East
258.77139447570977,C0070,P0003,34,Retail Store,0.14475116614128772,Cash,North
259.74332294331384,C0030,P0001,27,Online,0.18758300963388072,Online Payment,North
260.35455374733317,C0062,P0003,3,Online,0.057278628345957705,Cash,South
261.49142633422707,C0009,P0003,1,Online,0.027517890597178518,Credit Card,North
263.44715025390013,C0087,P0005,10,Online,0.24642216120541321,Credit Card,East
264.345274723989,C0013,P0001,35,Retail Store,0.09181991704531735,Online Payment,South
266.08000953770124,C0099,P0003,31,Retail Store,0.031072425223140153,Cash,East
266.7731100823196,C0060,P0001,45,Retail Store,0.2807691370461436,Credit Card,East
268.35199381676244,C0027,P0003,2,Retail Store,0.04187874932980847,Credit Card,South
269.2658834466388,C0099,P0003,46,Online,0.2027707183688635,Cash,West
271.16609948594873,C0059,P0001,31,Online,0.08143916272362618,Cash,West
272.943462216628,C0041,P0005,44,Retail Store,0.24095614341609517,Credit Card,West
273.56738151801414,C0054,P0001,25,Retail Store,0.20848449826593932,Credit Card,West
274.8906240476393,C0062,P0003,18,Retail Store,0.20476207450222284,Cash,North
276.64159359975986,C0050,P0002,18,Online,0.28773077261014596,Cash,East
278.2729101325991,C0079,P0005,50,Retail Store,0.14240750674765196,Cash,North
279.49523526334,C0090,P0001,37,Online,0.09045555189739188,Online Payment,East
280.1862576657422,C0080,P0003,25,Online,0.215367727224732,Online Payment,East
281.2131646812292,C0036,P0003,37,Retail Store,0.03207497245147307,Credit Card,West
282.5688464812085,C0066,P0001,12,Retail Store,0.24906897543067136,Credit Card,West
283.40539883677405,C0054,P0005,31,Retail Store,0.07356535909884539,Credit Card,North
284.19331319441875,C0084,P0005,8,Online,0.25623085672632395,Credit Card,North
285.3579479911832,C0016,P0003,28,Retail Store,0.2441158959548853,Credit Card,East
286.3655857663778,C0059,P0002,41,Retail Store,0.23885535356289428,Credit Card,North
287.59515870153933,C0098,P0001,31,Online,0.05443505323524218,Credit Card,North
288.2303991513752,C0010,P0005,34,Retail Store,0.1306701473648401,Online Payment,West
289.46578003615235,C0040,P0004,31,Retail Store,0.19850674634384116,Cash,North
290.0315261852358,C0065,P0001,38,Online,0.050909758056476836,Credit Card,South
291.8364395238461,C0044,P0005,10,Retail Store,0.108951320422614,Cash,North
292.8547618351696,C0020,P0004,23,Online,0.2803440921324426,Cash,East
294.4084839951394,C0020,P0002,38,Online,0.12814443638329304,Credit Card,North
295.0220981304424,C0064,P0005,20,Online,0.21127610098134014,Online Payment,South
296.97246034219756,C0048,P0004,3,Online,0.2725713599863551,Credit Card,North
297.5905378619971,C0033,P0002,34,Retail Store,0.2172800201067342,Credit Card,East
299.03982874566316,C0025,P0005,38,Retail Store,0.05564212107789339,Cash,East
299.76108918154944,C0061,P0005,44,Retail Store,0.07086397587647271,Online Payment,East
301.751029283697,C0090,P0002,22,Retail Store,0.22505515145794794,Online Payment,East
302.7301648799507,C0055,P0005,31,Online,0.029935908122066743,Cash,West
304.5497601248511,C0015,P0003,47,Retail Store,0.28730618028835736,Credit Card,North
305.8712365110909,C0065,P0005,34,Online,0.1511687823199928,Online Payment,East
307.2032583425057,C0015,P0004,3,Online,0.15068703308666415,Cash,East
308.2589973315882,C0012,P0003,23,Online,0.0844203315410935,Credit Card,East
309.8827998909984,C0035,P0001,46,Retail Store,0.03281579448157734,Credit Card,South
311.6133787260186,C0015,P0004,49,Online,0.18167517235851308,Cash,North
313.39520850162467,C0088,P0003,20,Retail Store,0.2442154674775272,Online Payment,South
314.46656693240817,C0068,P0003,8,Online,0.26189043951109797,Cash,West
315.25022578595235,C0045,P0004,28,Online,0.2340687343531133,Cash,South
316.4820045171869,C0077,P0005,26,Retail Store,0.08227510742895029,Cash,West
317.22580260401537,C0089,P0005,47,Retail Store,0.05773541613729033,Credit Card,West
318.7718856174786,C0017,P0002,18,Online,0.29488833549130433,Credit Card,East
319.74089678314533,C0067,P0003,37,Retail Store,0.11144747028114166,Cash,East
321.1775717376899,C0071,P0004,22,Retail Store,0.13146921690138152,Credit Card,South
323.0232987706404,C0006,P0004,31,Retail Store,0.27388805289405205,Online Payment,East
324.68982793613105,C0055,P0001,27,Retail Store,0.2568330109347362,Cash,West
326.5071935498754,C0036,P0003,28,Retail Store,0.07486215331701371,Cash,South
328.32276168755016,C0067,P0002,1,Retail Store,0.001334172976744774,Online Payment,North
330.1509048807557,C0022,P0001,10,Online,0.25847813277896803,Cash,West
330.6654933628411,C0009,P0005,39,Online,0.12770996961603065,Online Payment,South
332.4372508769667,C0076,P0004,38,Retail Store,0.16274416544187384,Credit Card,North
334.0571434887499,C0072,P0002,46,Online,0.25527815672965665,Cash,South
334.7153968879579,C0005,P0003,47,Retail Store,0.153182445925095,Cash,North
336.5522194281875,C0018,P0004,35,Retail Store,0.122573782699647,Credit Card,East
337.0885907769681,C0055,P0003,45,Online,0.016249787775579273,Credit Card,South
338.33705048074137,C0074,P0004,10,Retail Store,0.2616121344297919,Online Payment,West
339.4638531246458,C0007,P0003,33,Retail Store,0.2288590763495909,Online Payment,South
340.3651594076617,C0028,P0003,34,Retail Store,0.2871672961203498,Credit Card,West
341.06848814811605,C0026,P0001,38,Retail Store,0.17236914623822555,Online Payment,West
342.5293536665437,C0057,P0005,18,Retail Store,0.22991352763650713,Credit Card,East
343.57360455855496,C0084,P0001,41,Retail Store,0.23746064055921115,Credit Card,North
344.12156489684736,C0034,P0001,39,Online,0.24692085781878104,Online Payment,South
345.0605441177114,C0021,P0001,36,Online,0.04246371624907945,Cash,West
346.026289562483,C0059,P0005,28,Retail Store,0.09207863507239274,Online Payment,West
347.4423658556695,C0062,P0003,10,Online,0.12540700663600737,Online Payment,West
348.1436814849865,C0075,P0005,26,Online,0.2901558986110921,Cash,North
349.68506955933594,C0057,P0005,46,Retail Store,0.10927267339533372,Online Payment,East
351.3435952579147,C0036,P0005,22,Online,0.008517505806766612,Cash,West
352.18112617784533,C0042,P0002,32,Retail Store,0.1749273060140541,Online Payment,East
352.68889658878476,C0056,P0002,36,Online,0.0600694041593363,Cash,North
354.640706943418,C0096,P0004,3,Retail Store,0.11385830365517687,Online Payment,East
356.2512402829576,C0078,P0003,14,Retail Store,0.18187376634657879,Credit Card,East
357.7485983422517,C0046,P0001,26,Retail Store,0.14917727304728448,Online Payment,East
359.29584553643514,C0085,P0004,14,Online,0.2014208223383991,Cash,East
361.2754373817814,C0036,P0005,23,Online,0.15161278668573158,Credit Card,West
361.85978958053255,C0022,P0002,7,Online,0.05914682363594696,Credit Card,North
363.05328275633576,C0075,P0001,5,Online,0.02967854613647226,Online Payment,East
363.7744816070977,C0019,P0005,24,Online,0.0850858096981595,Credit Card,West
364.90456700004165,C0006,P0004,18,Online,0.050640695254247026,Online Payment,East
